"community","N","n_treated","n_eligible","eligible_frac","p_value","statistic","focal_assignments","d00","d01","d10","d11","runtime_sec","valid_p_value","status"
"comm_75",994,99,249,0.25,0.491554332166825,0.786129702274991,21,309,586,10,89,7.58691191673279,TRUE,"ok"
"comm_61",1743,174,436,0.25,0.208526437447983,0.604186009168057,20,776,793,32,142,18.8769690990448,TRUE,"ok"
"comm_15",1062,106,266,0.25,0.0286943370454191,1.49692107763319,20,358,598,4,102,14.9552040100098,TRUE,"ok"
"comm_6",108,10,27,0.25,0.220710679445238,1.07258191983798,20,42,56,1,9,1.09649682044983,TRUE,"ok"
"comm_69",893,89,224,0.25,0.0214511222904548,1.75599723273508,19,318,486,8,81,6.32130980491638,TRUE,"ok"
